name,slug,page_type,parent_page,series_category_filter,series_tag_filter,intro_richtext
,,,,Climate and Weather,,
,,,Climate and Weather,Climate and Weather,Climate change,
,,,Climate and Weather,Climate and Weather,Daily temperature,
,,,Climate and Weather,Climate and Weather,Elon Musk,
,,,Climate and Weather,Climate and Weather,Energy,
,,,Climate and Weather,Climate and Weather,Natural disasters,
,,,Climate and Weather,Climate and Weather,Snow and rain,
,,,,Companies,,
,,,Companies,Companies,AI,
,,,Companies,Companies,CEOs,
,,,Companies,Companies,Elon Musk,
,,,Companies,Companies,KPIs,
,,,Companies,Companies,Product launches,
,,,Companies,Companies,Space,
,,,Companies,Companies,Video games,
,,,,Crypto,,
,,,Crypto,Crypto,BTC,
,,,Crypto,Crypto,Dogecoin,
,,,Crypto,Crypto,ETH,
,,,Crypto,Crypto,Hourly,
,,,Crypto,Crypto,Pre-Market,
,,,Crypto,Crypto,SHIBA,
,,,Crypto,Crypto,SOL,
,,,,Economics,,
,,,Economics,Economics,AI,
,,,Economics,Economics,Employment,
,,,Economics,Economics,Fed,
,,,Economics,Economics,Growth,
,,,Economics,Economics,Housing,
,,,Economics,Economics,Inflation,
,,,Economics,Economics,Layoffs,
,,,Economics,Economics,Mortgages,
,,,Economics,Economics,Oil and energy,
,,,,Elections,,
,,,Elections,Elections,US Elections,
,,,,Entertainment,,
,,,Entertainment,Entertainment,Awards,
,,,Entertainment,Entertainment,Elections,
,,,Entertainment,Entertainment,Elon Musk,
,,,Entertainment,Entertainment,Football,
,,,Entertainment,Entertainment,Live Music,
,,,Entertainment,Entertainment,Movies,
,,,Entertainment,Entertainment,Music,
,,,Entertainment,Entertainment,Music charts,
,,,Entertainment,Entertainment,Policy,
,,,Entertainment,Entertainment,Product launches,
,,,Entertainment,Entertainment,Rotten Tomatoes,
,,,Entertainment,Entertainment,Television,
,,,Entertainment,Entertainment,Video games,
,,,,Financials,,
,,,Financials,Financials,Daily,
,,,Financials,Financials,EUR/USD,
,,,Financials,Financials,Nasdaq,
,,,Financials,Financials,S&P,
,,,Financials,Financials,Treasuries,
,,,Financials,Financials,USD/JPY,
,,,Financials,Financials,WTI,
,,,,Mentions,,
,,,Mentions,Mentions,Earnings Mention,
,,,,Politics,,
,,,Politics,Politics,AI,
,,,Politics,Politics,BTC,
,,,Politics,Politics,Bills,
,,,Politics,Politics,Cabinet,
,,,Politics,Politics,Culture war,
,,,Politics,Politics,Debt ceiling & shutdowns,
,,,Politics,Politics,Education,
,,,Politics,Politics,Fed,
,,,Politics,Politics,Foreign Elections,
,,,Politics,Politics,Growth,
,,,Politics,Politics,Immigration,
,,,Politics,Politics,SCOTUS & courts,
,,,Politics,Politics,Trump Agenda,
,,,Politics,Politics,US Elections,
,,,,Science and Technology,,
,,,Science and Technology,Science and Technology,AI,
,,,Science and Technology,Science and Technology,Diseases,
,,,Science and Technology,Science and Technology,Employment,
,,,Science and Technology,Science and Technology,Energy,
,,,Science and Technology,Science and Technology,FDA Approval,
,,,Science and Technology,Science and Technology,Health Tech,
,,,Science and Technology,Science and Technology,KPIs,
,,,Science and Technology,Science and Technology,Layoffs,
,,,Science and Technology,Science and Technology,Space,
,,,,Social,,
,,,,Sports,,
,,,Sports,Sports,Baseball,
,,,Sports,Sports,Basketball,
,,,Sports,Sports,Chess,
,,,Sports,Sports,Cricket,
,,,Sports,Sports,Esports,
,,,Sports,Sports,Football,
,,,Sports,Sports,Golf,
,,,Sports,Sports,Hockey,
,,,Sports,Sports,MMA,
,,,Sports,Sports,Motorsport,
,,,Sports,Sports,NFL,
,,,Sports,Sports,Soccer,
,,,Sports,Sports,Tennis,
,,,Sports,Sports,UFC,
,,,Sports,Sports,Video games,
,,,,Transportation,,
